feature_columns,target_columns,train_mse,train_mae,train_rmse,train_mape,train_mse_per_target,test_mse,test_mae,test_rmse,test_mape,test_mse_per_target
[1],[1],"[4439.130218063326, 5595.2041262365055, 123.08629206416587]","[53.79388228273412, 61.16180534632492, 9.555785055357095]","[66.62679804750732, 74.80109709246587, 11.094426171017854]","[41.261022614480495, 46.95917876909142, 12.31400542920311]","[array([4439.13021806]), array([5595.20412624]), array([123.08629206])]","[17222.761716276487, 20286.30890113978, 475.33298458770037]","[130.22361340031264, 141.45952915653822, 20.093973443486977]","[131.23552002516882, 142.43001404598604, 21.802132569721255]","[68.36716295689963, 74.31318751539459, 10.301937341626543]","[array([17222.76171628]), array([20286.30890114]), array([475.33298459])]"
[1],[1],"[287.54741536858756, 466.3538656427664, 123.08629206416587]","[14.188518346187408, 17.415934940463742, 9.555785055357095]","[16.95722310310823, 21.595227844196653, 11.094426171017854]","[20.084081653695804, 26.016409366967764, 12.31400542920311]","[array([287.54741537]), array([466.35386564]), array([123.08629206])]","[620.6953498454467, 580.9558798892089, 475.33298458770037]","[24.050295400723815, 22.662907512668717, 20.093973443486977]","[24.913758244099718, 24.103026363699826, 21.802132569721255]","[12.49899731413463, 11.728310105016899, 10.301937341626543]","[array([620.69534985]), array([580.95587989]), array([475.33298459])]"
[1],[1],"[287.4758478586598, 466.3038906059097, 123.08629206416587]","[14.186872216650334, 17.414939858911673, 9.555785055357095]","[16.955112735061945, 21.594070728001, 11.094426171017854]","[20.081474041775966, 26.01503054819702, 12.31400542920311]","[array([287.47584786]), array([466.30389061]), array([123.08629206])]","[620.5440352248928, 580.8225319713272, 475.33298458770037]","[24.047343628134385, 22.66007146594791, 20.093973443486977]","[24.91072129073931, 24.10025999800266, 21.802132569721255]","[12.497472041333383, 11.726833348625368, 10.301937341626543]","[array([620.54403522]), array([580.82253197]), array([475.33298459])]"
[1],[1],"[287.47154299348347, 466.30736374522303, 123.08629206416587]","[14.185780947862122, 17.414364649951562, 9.555785055357095]","[16.954985785705734, 21.594151146669855, 11.094426171017854]","[20.081818904147656, 26.015353591647617, 12.31400542920311]","[array([287.47154299]), array([466.30736375]), array([123.08629206])]","[620.2547014848905, 580.6082998954781, 475.33298458770037]","[24.041454056793924, 22.65541006650815, 20.093973443486977]","[24.904913199706005, 24.095814987160697, 21.802132569721255]","[12.494372104381755, 11.724376515809936, 10.301937341626543]","[array([620.25470148]), array([580.6082999]), array([475.33298459])]"
[1],[1],"[287.5168040351325, 466.3261742719859, 123.08629206416587]","[14.188410236245273, 17.41611049235803, 9.555785055357095]","[16.95632047453493, 21.59458668907525, 11.094426171017854]","[20.08266129849502, 26.015389441655085, 12.31400542920311]","[array([287.51680404]), array([466.32617427]), array([123.08629206])]","[620.7979665445829, 581.1296626580886, 475.33298458770037]","[24.05244520348389, 22.66675377153488, 20.093973443486977]","[24.91581759735335, 24.106631093084918, 21.802132569721255]","[12.500142302516396, 11.73035378953344, 10.301937341626543]","[array([620.79796654]), array([581.12966266]), array([475.33298459])]"
[1],[1],"[4439.130218063326, 5595.2041262365055, 123.08629206416587]","[53.79388228273412, 61.16180534632492, 9.555785055357095]","[66.62679804750732, 74.80109709246587, 11.094426171017854]","[41.261022614480495, 46.95917876909142, 12.31400542920311]","[array([4439.13021806]), array([5595.20412624]), array([123.08629206])]","[17222.761716276487, 20286.30890113978, 475.33298458770037]","[130.22361340031264, 141.45952915653822, 20.093973443486977]","[131.23552002516882, 142.43001404598604, 21.802132569721255]","[68.36716295689963, 74.31318751539459, 10.301937341626543]","[array([17222.76171628]), array([20286.30890114]), array([475.33298459])]"
[1],[1],"[4439.130218063326, 5595.2041262365055, 123.08629206416587]","[53.79388228273412, 61.16180534632492, 9.555785055357095]","[66.62679804750732, 74.80109709246587, 11.094426171017854]","[41.261022614480495, 46.95917876909142, 12.31400542920311]","[array([4439.13021806]), array([5595.20412624]), array([123.08629206])]","[17222.761716276487, 20286.30890113978, 475.33298458770037]","[130.22361340031264, 141.45952915653822, 20.093973443486977]","[131.23552002516882, 142.43001404598604, 21.802132569721255]","[68.36716295689963, 74.31318751539459, 10.301937341626543]","[array([17222.76171628]), array([20286.30890114]), array([475.33298459])]"
[1],[1],"[4439.130218063326, 5595.2041262365055, 123.08629206416587]","[53.79388228273412, 61.16180534632492, 9.555785055357095]","[66.62679804750732, 74.80109709246587, 11.094426171017854]","[41.261022614480495, 46.95917876909142, 12.31400542920311]","[array([4439.13021806]), array([5595.20412624]), array([123.08629206])]","[17222.761716276487, 20286.30890113978, 475.33298458770037]","[130.22361340031264, 141.45952915653822, 20.093973443486977]","[131.23552002516882, 142.43001404598604, 21.802132569721255]","[68.36716295689963, 74.31318751539459, 10.301937341626543]","[array([17222.76171628]), array([20286.30890114]), array([475.33298459])]"
[1],[1],"[4439.130218614882, 5595.2041262365055, 123.08629206416587]","[53.79388228747287, 61.16180534632492, 9.555785055357095]","[66.62679805164647, 74.80109709246587, 11.094426171017854]","[41.26102261858971, 46.95917876909142, 12.31400542920311]","[array([4439.13021861]), array([5595.20412624]), array([123.08629206])]","[17222.761722461873, 20286.30890113978, 475.33298458770037]","[130.22361342039, 141.45952915653822, 20.093973443486977]","[131.2355200487348, 142.43001404598604, 21.802132569721255]","[68.36716296627107, 74.31318751539459, 10.301937341626543]","[array([17222.76172246]), array([20286.30890114]), array([475.33298459])]"
[1],[1],"[4439.130218063326, 5595.2041262365055, 123.08629206416587]","[53.79388228273412, 61.16180534632492, 9.555785055357095]","[66.62679804750732, 74.80109709246587, 11.094426171017854]","[41.261022614480495, 46.95917876909142, 12.31400542920311]","[array([4439.13021806]), array([5595.20412624]), array([123.08629206])]","[17222.761716276487, 20286.30890113978, 475.33298458770037]","[130.22361340031264, 141.45952915653822, 20.093973443486977]","[131.23552002516882, 142.43001404598604, 21.802132569721255]","[68.36716295689963, 74.31318751539459, 10.301937341626543]","[array([17222.76171628]), array([20286.30890114]), array([475.33298459])]"
[1],[1],"[5439.034936556078, 6213.529369762845, 123.08629206416587]","[60.08057611088636, 65.5235923243821, 9.555785055357095]","[73.749813128957, 78.8259435069625, 11.094426171017854]","[45.93262749625375, 51.41447428800237, 12.31400542920311]","[array([5439.03493656]), array([6213.52936976]), array([123.08629206])]","[19886.261088790514, 21808.38798421444, 475.33298458770037]","[140.0461374610137, 146.72910192650636, 20.093973443486977]","[141.0186551091398, 147.6766331692812, 21.802132569721255]","[73.56628407978013, 77.10417333836571, 10.301937341626543]","[array([19886.26108879]), array([21808.38798421]), array([475.33298459])]"
[1],[1],"[5439.034936556078, 6213.529369762845, 123.08629206416587]","[60.08057611088636, 65.5235923243821, 9.555785055357095]","[73.749813128957, 78.8259435069625, 11.094426171017854]","[45.93262749625375, 51.41447428800237, 12.31400542920311]","[array([5439.03493656]), array([6213.52936976]), array([123.08629206])]","[19886.261088790514, 21808.38798421444, 475.33298458770037]","[140.0461374610137, 146.72910192650636, 20.093973443486977]","[141.0186551091398, 147.6766331692812, 21.802132569721255]","[73.56628407978013, 77.10417333836571, 10.301937341626543]","[array([19886.26108879]), array([21808.38798421]), array([475.33298459])]"
[1],[1],"[5439.034936556078, 6213.529369762845, 123.08629206416587]","[60.08057611088636, 65.5235923243821, 9.555785055357095]","[73.749813128957, 78.8259435069625, 11.094426171017854]","[45.93262749625375, 51.41447428800237, 12.31400542920311]","[array([5439.03493656]), array([6213.52936976]), array([123.08629206])]","[19886.261088790514, 21808.38798421444, 475.33298458770037]","[140.0461374610137, 146.72910192650636, 20.093973443486977]","[141.0186551091398, 147.6766331692812, 21.802132569721255]","[73.56628407978013, 77.10417333836571, 10.301937341626543]","[array([19886.26108879]), array([21808.38798421]), array([475.33298459])]"
[1],[1],"[5439.034936556078, 6213.529369762845, 123.08629206416587]","[60.08057611088636, 65.5235923243821, 9.555785055357095]","[73.749813128957, 78.8259435069625, 11.094426171017854]","[45.93262749625375, 51.41447428800237, 12.31400542920311]","[array([5439.03493656]), array([6213.52936976]), array([123.08629206])]","[19886.261088790514, 21808.38798421444, 475.33298458770037]","[140.0461374610137, 146.72910192650636, 20.093973443486977]","[141.0186551091398, 147.6766331692812, 21.802132569721255]","[73.56628407978013, 77.10417333836571, 10.301937341626543]","[array([19886.26108879]), array([21808.38798421]), array([475.33298459])]"
[1],[1],"[5103.529323541001, 6008.025119146397, 123.08629206416587]","[57.795239796800935, 64.04979807879141, 9.555785055357095]","[71.43899021921433, 77.5114515355402, 11.094426171017854]","[43.89918877799609, 49.83681308054046, 12.31400542920311]","[array([5103.52932354]), array([6008.02511915]), array([123.08629206])]","[19018.19695626685, 21310.45806963993, 475.33298458770037]","[136.92147909726987, 145.02604653469277, 20.093973443486977]","[137.90647902207803, 145.98101955267998, 21.802132569721255]","[71.91215533194743, 76.20208192439733, 10.301937341626543]","[array([19018.19695627]), array([21310.45806964]), array([475.33298459])]"
[1],[1],"[5103.529323541001, 6008.025119146397, 123.08629206416587]","[57.795239796800935, 64.04979807879141, 9.555785055357095]","[71.43899021921433, 77.5114515355402, 11.094426171017854]","[43.89918877799609, 49.83681308054046, 12.31400542920311]","[array([5103.52932354]), array([6008.02511915]), array([123.08629206])]","[19018.196950642236, 21310.45806963993, 475.33298458770037]","[136.92147907719252, 145.02604653469277, 20.093973443486977]","[137.90647900168517, 145.98101955267998, 21.802132569721255]","[71.91215532155272, 76.20208192439733, 10.301937341626543]","[array([19018.19695064]), array([21310.45806964]), array([475.33298459])]"
[1],[1],"[287.4719958598115, 466.30083389170767, 123.08629206416587]","[14.186538570432846, 17.41476502730805, 9.555785055357095]","[16.954999140660888, 21.593999951183378, 11.094426171017854]","[20.081463490257256, 26.014987222823827, 12.31400542920311]","[array([287.47199586]), array([466.30083389]), array([123.08629206])]","[620.4655040146492, 580.7764707869986, 475.33298458770037]","[24.045757276237797, 22.659080367443593, 20.093973443486977]","[24.90914498762752, 24.099304363134607, 21.802132569721255]","[12.496638160401229, 11.72631278596033, 10.301937341626543]","[array([620.46550401]), array([580.77647079]), array([475.33298459])]"
[1],[1],"[287.49371718482956, 466.3147581505119, 123.08629206416587]","[14.186890498764685, 17.415043353307055, 9.555785055357095]","[16.955639686689192, 21.594322359141348, 11.094426171017854]","[20.082324523993613, 26.015373594692342, 12.31400542920311]","[array([287.49371718]), array([466.31475815]), array([123.08629206])]","[620.4734735874802, 580.813402068332, 475.33298458770037]","[24.045868504779122, 22.659849410412345, 20.093973443486977]","[24.909304959943785, 24.100070582227183, 21.802132569721255]","[12.496686797133831, 11.726711015184705, 10.301937341626543]","[array([620.47347359]), array([580.81340207]), array([475.33298459])]"
[1],[1],"[5103.529323541001, 6008.025119146397, 123.08629206416587]","[57.795239796800935, 64.04979807879141, 9.555785055357095]","[71.43899021921433, 77.5114515355402, 11.094426171017854]","[43.89918877799609, 49.83681308054046, 12.31400542920311]","[array([5103.52932354]), array([6008.02511915]), array([123.08629206])]","[19018.19695626685, 21310.45806963993, 475.33298458770037]","[136.92147909726987, 145.02604653469277, 20.093973443486977]","[137.90647902207803, 145.98101955267998, 21.802132569721255]","[71.91215533194743, 76.20208192439733, 10.301937341626543]","[array([19018.19695627]), array([21310.45806964]), array([475.33298459])]"
[1],[1],"[5103.529323541001, 6008.025119146397, 123.08629206416587]","[57.795239796800935, 64.04979807879141, 9.555785055357095]","[71.43899021921433, 77.5114515355402, 11.094426171017854]","[43.89918877799609, 49.83681308054046, 12.31400542920311]","[array([5103.52932354]), array([6008.02511915]), array([123.08629206])]","[19018.196950642236, 21310.45806963993, 475.33298458770037]","[136.92147907719252, 145.02604653469277, 20.093973443486977]","[137.90647900168517, 145.98101955267998, 21.802132569721255]","[71.91215532155272, 76.20208192439733, 10.301937341626543]","[array([19018.19695064]), array([21310.45806964]), array([475.33298459])]"
[1],[1],"[5103.529323541001, 6008.025119146397, 123.08629206416587]","[57.795239796800935, 64.04979807879141, 9.555785055357095]","[71.43899021921433, 77.5114515355402, 11.094426171017854]","[43.89918877799609, 49.83681308054046, 12.31400542920311]","[array([5103.52932354]), array([6008.02511915]), array([123.08629206])]","[19018.196950642236, 21310.45806963993, 475.33298458770037]","[136.92147907719252, 145.02604653469277, 20.093973443486977]","[137.90647900168517, 145.98101955267998, 21.802132569721255]","[71.91215532155272, 76.20208192439733, 10.301937341626543]","[array([19018.19695064]), array([21310.45806964]), array([475.33298459])]"
[1],[1],"[5130.9939766866355, 7861.986197359257, 805.9571363229522]","[57.980849699313055, 76.84338294210835, 23.506802227566066]","[71.63095683213115, 88.66784195726913, 28.389384218805315]","[44.05657569292381, 64.16009582657955, 35.692946577259576]","[array([5130.99397669]), array([7861.98619736]), array([805.95713632])]","[19087.496843681034, 25482.99691010928, 187.4718427675831]","[137.17386294174588, 158.7467600095688, 10.729230631088742]","[138.1575073735808, 159.6339466094517, 13.692035742269413]","[72.04588203384539, 83.47500338656101, 5.326084548611246]","[array([19087.49684368]), array([25482.99691011]), array([187.47184277])]"
[1],[1],"[382.9537666694503, 2024.1263255667345, 64.89073787887969]","[15.745769011241968, 35.690493271776894, 6.321620407195113]","[19.569204548715064, 44.990291459010734, 8.055478749204152]","[23.550406960225388, 54.64789097664007, 6.076309559150609]","[array([382.95376667]), array([2024.12632557]), array([64.89073788])]","[624.947080392156, 3129.6152357324286, 428.5163967355188]","[23.912002024001982, 53.69074829764508, 19.60189114882209]","[24.998941585438292, 55.94296413073255, 20.700637592487794]","[12.386498230343541, 27.790607282683606, 10.122229729471472]","[array([624.94708039]), array([3129.61523573]), array([428.51639674])]"
[1],[1],"[0.8543777067597903, 0.9738283618693488, 0.03115994898114575]","[0.7294373084456739, 0.7896474184658254, 0.1314582715527982]","[0.9243255415489665, 0.986827422536154, 0.17652180879751303]","[13.291855998114283, 14.427936907708549, 2.4094691573142537]","[array([0.85437771]), array([0.97382836]), array([0.03115995])]","[1.0871320010752406, 1.2313670075580214, 0.04273514279069059]","[0.844230109993727, 0.9116429186613961, 0.15889536459836498]","[1.042656223822234, 1.1096697741030983, 0.20672479965086576]","[15.04744673490825, 16.30763091083284, 2.8383213790404773]","[array([1.087132]), array([1.23136701]), array([0.04273514])]"
[1],[1],"[0.8868313398050917, 0.9824410560714034, 0.8601540783332213]","[0.745446749381895, 0.7934352209167047, 0.7157008063989798]","[0.9417172292175033, 0.9911816463551993, 0.9274449192988343]","[13.599501014174512, 14.508286115908644, 13.039600118977848]","[array([0.88683134]), array([0.98244106]), array([0.86015408])]","[1.1041352289357584, 1.2172944316361078, 1.0951911753532033]","[0.8455827336700821, 0.8981345486640928, 0.8014201127985074]","[1.0507783919246525, 1.103310668685891, 1.0465138199532786]","[15.095922293889869, 16.08101106161182, 14.157883527806172]","[array([1.10413523]), array([1.21729443]), array([1.09519118])]"
[1],[1],"[0.7200142318864391, 0.9848178996846625, 0.29148558440544503]","[0.6934532274988173, 0.7986894541619743, 0.44286676092689653]","[0.8485365236019243, 0.9923799170099435, 0.5398940492406311]","[12.734174163790177, 14.611574569719773, 8.767691753826822]","[array([0.72001423]), array([0.9848179]), array([0.29148558])]","[0.911464649364997, 1.2433238061500456, 0.3291834701532078]","[0.8010148656119368, 0.9216735929129464, 0.47349536578902834]","[0.9547065776273865, 1.1150443068102924, 0.573745126474472]","[14.41175288849045, 16.513605690003246, 8.797314383091583]","[array([0.91146465]), array([1.24332381]), array([0.32918347])]"
[1],[1],"[0.9204074335258263, 0.9247361287126071, 0.4127412978588093]","[0.8157537472991965, 0.7661209273812692, 0.5256012877582787]","[0.9593786705601841, 0.9616320131487965, 0.6424494515981856]","[15.129637764016849, 13.985567876251267, 10.239623330051051]","[array([0.92040743]), array([0.92473613]), array([0.4127413])]","[1.1421456574705373, 1.1725590797960075, 0.48790986993540664]","[0.9291415246376641, 0.8856850967468488, 0.5587082837984699]","[1.0687121490235514, 1.0828476715568112, 0.6985054544779208]","[16.882285681047993, 15.825655978744607, 10.208272521497829]","[array([1.14214566]), array([1.17255908]), array([0.48790987])]"
"[2, 3, 4, 5, 6, 7, 8, 9, 10, 11, 12, 13, 14, 15, 16, 17, 18, 19, 20, 21, 22, 1]",[1],"[0.9159161520051546, 0.9547912913808182, 0.28431628462793934]","[0.786590996198687, 0.7844655132020291, 0.4301714924875972]","[0.9570350839990949, 0.9771342238304921, 0.5332131699685777]","[14.46755389206138, 14.343299249499564, 8.547136246605524]","[array([0.91591615]), array([0.95479129]), array([0.28431628])]","[1.1330157166598884, 1.202959544345673, 0.32939173926748117]","[0.8976643939274789, 0.9044717420506782, 0.45982533047681695]","[1.06443210993463, 1.0967951241438272, 0.573926597456052]","[16.17501068839636, 16.19494288147985, 8.506559386889787]","[array([1.13301572]), array([1.20295954]), array([0.32939174])]"
"[2, 3, 4, 5, 6, 7, 8, 9, 10, 11, 12, 13, 14, 15, 16, 17, 18, 19, 20, 21, 22, 1]",[1],"[1.0449013414886361, 0.9078856478115266, 0.043446847521467144]","[0.8956342208178073, 0.762049992968057, 0.15589068628072547]","[1.022204158418775, 0.9528303352704125, 0.20843907388363425]","[16.763830184300325, 13.922673438643807, 2.9361385546995216]","[array([1.04490134]), array([0.90788565]), array([0.04344685])]","[1.2584475201826086, 1.1447332472378673, 0.0574644938144857]","[1.0018275852306748, 0.8759803755686674, 0.16699354492239568]","[1.1218054734144458, 1.0699220753110328, 0.23971752921821488]","[18.357856164761543, 15.656009822381165, 2.9492695670500213]","[array([1.25844752]), array([1.14473325]), array([0.05746449])]"
"[2, 3, 4, 5, 6, 7, 8, 9, 10, 11, 12, 13, 14, 15, 16, 17, 18, 19, 20, 21, 22, 1]",[1],"[0.26903249077699165, 0.25831402991626734, 0.11699185268050638]","[0.4106679569913869, 0.41621543080120943, 0.2590857025543962]","[0.5186834205726955, 0.5082460328583661, 0.34204071786924195]","[7.685572718287852, 8.163439054055681, 5.0098646425531586]","[array([0.26903249]), array([0.25831403]), array([0.11699185])]","[0.3305599011473381, 0.29610177173632907, 0.16439531821072012]","[0.4213428282731349, 0.4433213721448654, 0.2958633505002588]","[0.5749433895152966, 0.5441523423971719, 0.405456925222298]","[7.415248913331846, 8.15741308536036, 5.363466569920991]","[array([0.3305599]), array([0.29610177]), array([0.16439532])]"
"[2, 3, 4, 5, 6, 7, 8, 9, 10, 11, 12, 13, 14, 15, 16, 17, 18, 19, 20, 21, 22, 1]",[1],"[0.19415346511757925, 0.35687963378977067, 0.38787300592147855]","[0.36304943603640183, 0.4702674608508984, 0.49433445993255887]","[0.4406284887720939, 0.5973940356161674, 0.6227945134002696]","[7.007686866747028, 8.935074211028914, 9.426409925046716]","[array([0.19415347]), array([0.35687963]), array([0.38787301])]","[0.22271968317967794, 0.4334611335066497, 0.4727275796873454]","[0.374014890301789, 0.5091875814236461, 0.5315295436901759]","[0.4719318628569997, 0.6583776526482727, 0.6875518741792108]","[6.793180451617471, 9.166383656357592, 9.584196087252487]","[array([0.22271968]), array([0.43346113]), array([0.47272758])]"
"[2, 3, 4, 5, 6, 7, 8, 9, 10, 11, 12, 13, 14, 15, 16, 17, 18, 19, 20, 21, 22, 1]",[1],"[0.08233223776707921, 0.39356791828948806, 0.5786872968426687]","[0.22713629680180122, 0.5197443350314028, 0.6191620936534923]","[0.28693594715036874, 0.627349916943876, 0.7607149905468333]","[4.608561615321431, 10.614520082647957, 12.59610895474164]","[array([0.08233224]), array([0.39356792]), array([0.5786873])]","[0.05938954232903391, 0.3259088439102791, 0.5444201487668949]","[0.20020201627249604, 0.490990660608347, 0.6321344591740112]","[0.24369969702286032, 0.5708842648998824, 0.7378483236864437]","[4.150006847010052, 10.272337770008908, 13.185984008923555]","[array([0.05938954]), array([0.32590884]), array([0.54442015])]"
"[2, 3, 4, 5, 6, 7, 8, 9, 10, 11, 12, 13, 14, 15, 16, 17, 18, 19, 20, 21, 22, 1]",[1],"[0.35816852319535086, 0.4572158075081231]","[0.49091173116709375, 0.5626718541274489]","[0.598471823225915, 0.676177349153403]","[9.918102699415407, 11.473504916855783]","[array([0.35816852]), array([0.45721581])]","[0.29545826938602826, 0.3861668069354852]","[0.4691024369222089, 0.543782726595413]","[0.5435607320125584, 0.62142321081167]","[9.77024361350827, 11.337070964536629]","[array([0.29545827]), array([0.38616681])]"
"[2, 3, 4, 5, 6, 7, 8, 9, 10, 11, 12, 13, 14, 15, 16, 17, 18, 19, 20, 21, 22, 1]",[1],"[0.35815537093084904, 0.4572158075081231]","[0.49090180173450526, 0.5626718541274489]","[0.598460834918083, 0.676177349153403]","[9.917909658732297, 11.473504916855783]","[array([0.35815537]), array([0.45721581])]","[0.29544923116299354, 0.3861668069354852]","[0.46909600603182905, 0.543782726595413]","[0.5435524180453929, 0.62142321081167]","[9.770110951572681, 11.337070964536629]","[array([0.29544923]), array([0.38616681])]"
"[2, 3, 4, 5, 6, 7, 8, 9, 10, 11, 12, 13, 14, 15, 16, 17, 18, 19, 20, 21, 22, 1]",[1],"[0.33947753607978665, 0.4572158075081231]","[0.4757428618980994, 0.5626718541274489]","[0.5826470081273795, 0.676177349153403]","[9.63739327220569, 11.473504916855783]","[array([0.33947754]), array([0.45721581])]","[0.2851485566911337, 0.3861668069354852]","[0.46270346603677176, 0.543782726595413]","[0.5339930305641953, 0.62142321081167]","[9.643727652116986, 11.337070964536629]","[array([0.28514856]), array([0.38616681])]"
"[2, 3, 4, 5, 6, 7, 8, 9, 10, 11, 1]",[1],"[0.4473915136858379, 0.4673477283067462]","[0.5456421956626244, 0.56225134854266]","[0.6688733166197004, 0.6836283553998811]","[11.148297457703402, 11.369335998122049]","[array([0.44739151]), array([0.46734773])]","[0.39232134967505233, 0.3827339992457302]","[0.5417528454296041, 0.533012420775541]","[0.6263556095981359, 0.6186549920963462]","[11.341676799972555, 11.112506848575066]","[array([0.39232135]), array([0.382734])]"
"[2, 3, 4, 5, 6, 7, 8, 9, 10, 11, 1]",[1],"[0.447278159802213, 0.4673477283067462]","[0.5456141933003331, 0.56225134854266]","[0.6687885763095935, 0.6836283553998811]","[11.146976000461176, 11.369335998122049]","[array([0.44727816]), array([0.46734773])]","[0.3920471187456469, 0.3827339992457302]","[0.5415281176867919, 0.533012420775541]","[0.626136661397212, 0.6186549920963462]","[11.336722320855996, 11.112506848575066]","[array([0.39204712]), array([0.382734])]"
"[2, 3, 4, 5, 6, 7, 8, 9, 10, 11, 1]",[1],"[0.49275489020932317, 0.975995962520599, 0.4166180999302157]","[0.5427296162339416, 0.7897135578050734, 0.5047972623393195]","[0.7019650206451339, 0.9879250794066314, 0.6454596036393104]","[10.020625821949531, 14.425893290953566, 9.362116087174996]","[array([0.49275489]), array([0.97599596]), array([0.4166181])]","[0.6328744106971695, 1.23282698907002, 0.5318482021556684]","[0.5813134127593651, 0.9110698344078256, 0.5336632174157737]","[0.7955340411931909, 1.1103274242627803, 0.7292792346938644]","[10.181195390508387, 16.29216963915074, 9.361101645473957]","[array([0.63287441]), array([1.23282699]), array([0.5318482])]"
"[2, 3, 4, 5, 1]",[1],"[0.5065361765055071, 0.9720328682657114, 0.015799913230966398]","[0.5472468086859814, 0.7886696889237059, 0.07926197138106204]","[0.7117135494744407, 0.9859172725263066, 0.12569770575060787]","[10.06208218626911, 14.40912868718981, 1.4985918027592857]","[array([0.50653618]), array([0.97203287]), array([0.01579991])]","[0.6554008628717418, 1.2292507071135528, 0.020532518022221266]","[0.5959255000259686, 0.9105664398870579, 0.09324574740591596]","[0.8095683188414315, 1.1087157918572066, 0.14329172349518748]","[10.437922896276453, 16.28703157071569, 1.662522879379333]","[array([0.65540086]), array([1.22925071]), array([0.02053252])]"
"[2, 3, 4, 5, 1]",[1],"[769.8852305212692, 2672.8018503715075, 93.8772840741143]","[26.21667478459726, 48.91857057187479, 8.896297591030674]","[27.74680577149862, 51.699147482057256, 9.689029057346989]","[56.8358598904948, 105.98961648408853, 16.919825033715487]","[array([769.88523052]), array([2672.80185037]), array([93.87728407])]","[3165.1954966506896, 10816.187728627967, 453.4566487809506]","[54.34866753661019, 100.64713679691444, 15.596152945383315]","[56.26007017993036, 104.00090253756439, 21.29452156731751]","[27.872447797999232, 51.655999408840856, 7.368102989667401]","[array([3165.19549665]), array([10816.18772863]), array([453.45664878])]"
"[2, 3, 4, 5, 1]",[1],"[766.6429018586731, 2666.811912589331, 93.8772840741143]","[26.160279823405265, 48.84901713308446, 8.896297591030674]","[27.688317064398717, 51.641184267881876, 9.689029057346989]","[56.698345775608516, 105.6153826082449, 16.919825033715487]","[array([766.64290186]), array([2666.81191259]), array([93.87728407])]","[3155.134631054908, 10889.422028187768, 453.4566487809506]","[54.26279769439551, 101.00325497356151, 15.596152945383315]","[56.17058510515008, 104.3523934952513, 21.29452156731751]","[27.8286176122212, 51.84336952678594, 7.368102989667401]","[array([3155.13463105]), array([10889.42202819]), array([453.45664878])]"
"[2, 3, 4, 5, 6, 7, 8, 9, 10, 11, 12, 13, 14, 15, 16, 17, 18, 19, 20, 21, 22, 23, 1]",[1],"[0.506037022032002, 0.606130965466821, 0.2137825648392824]","[0.5687081425885433, 0.6148884607638281, 0.3373092368329121]","[0.711362792133523, 0.7785441319969093, 0.4623662669781203]","[10.262413302021137, 11.142671949164178, 6.108127986525541]","[array([0.50603702]), array([0.60613097]), array([0.21378256])]","[0.3784687292733972, 0.48277956246895903, 0.1746204983756585]","[0.4343414615503495, 0.48238972243958134, 0.2992528483987717]","[0.61519812196836, 0.6948234038005333, 0.4178761758890527]","[7.899472830330925, 8.845420833558903, 5.629572316812998]","[array([0.37846873]), array([0.48277956]), array([0.1746205])]"
"[2, 3, 4, 5, 6, 7, 8, 9, 10, 11, 12, 13, 14, 15, 16, 17, 18, 19, 20, 21, 22, 23, 1]",[1],"[1.2848418944302333, 2.177805500813834, 0.2137825648392824]","[0.9930310179373587, 1.3453946774031598, 0.3373092368329121]","[1.1335086653529531, 1.4757389677086643, 0.4623662669781203]","[18.276790545221164, 25.056450468471542, 6.108127986525541]","[array([1.28484189]), array([2.1778055]), array([0.21378256])]","[0.9193365602706036, 1.628698382204488, 0.15660422902807397]","[0.7924297599626283, 1.125302597488354, 0.2865288451297427]","[0.9588204004247113, 1.27620467880528, 0.39573252207529513]","[15.025444221414705, 21.707769482660524, 5.457981436617285]","[array([0.91933656]), array([1.62869838]), array([0.15660423])]"
"[2, 3, 4, 5, 6, 7, 8, 9, 10, 11, 12, 13, 14, 15, 16, 17, 18, 19, 20, 21, 22, 23, 1]",[1],"[1.2848418944302333, 2.177805500813834, 0.2137825648392824]","[0.9930310179373587, 1.3453946774031598, 0.3373092368329121]","[1.1335086653529531, 1.4757389677086643, 0.4623662669781203]","[18.276790545221164, 25.056450468471542, 6.108127986525541]","[array([1.28484189]), array([2.1778055]), array([0.21378256])]","[0.9193365602706036, 1.628698382204488, 0.15660422902807397]","[0.7924297599626283, 1.125302597488354, 0.2865288451297427]","[0.9588204004247113, 1.27620467880528, 0.39573252207529513]","[15.025444221414705, 21.707769482660524, 5.457981436617285]","[array([0.91933656]), array([1.62869838]), array([0.15660423])]"
"[2, 3, 4, 5, 6, 7, 8, 9, 10, 11, 12, 13, 14, 15, 16, 17, 18, 19, 20, 21, 22, 23, 1]",[1],"[1.2848418944302333, 2.177805500813834, 0.2137825648392824]","[0.9930310179373587, 1.3453946774031598, 0.3373092368329121]","[1.1335086653529531, 1.4757389677086643, 0.4623662669781203]","[18.276790545221164, 25.056450468471542, 6.108127986525541]","[array([1.28484189]), array([2.1778055]), array([0.21378256])]","[0.9193365602706036, 1.628698382204488, 0.15660422902807397]","[0.7924297599626283, 1.125302597488354, 0.2865288451297427]","[0.9588204004247113, 1.27620467880528, 0.39573252207529513]","[15.025444221414705, 21.707769482660524, 5.457981436617285]","[array([0.91933656]), array([1.62869838]), array([0.15660423])]"
"[2, 3, 4, 5, 6, 7, 8, 9, 10, 11, 12, 13, 14, 15, 16, 17, 18, 19, 20, 21, 22, 23, 1]",[1],"[0.011568865082436599, 0.030563827822478417, 0.004832601324501842]","[0.0729776241468337, 0.1269191460558057, 0.0499838413948496]","[0.10755865879805586, 0.17482513498487115, 0.06951691394546972]","[1.400347767851664, 2.451686675698551, 0.9654025526164453]","[array([0.01156887]), array([0.03056383]), array([0.0048326])]","[0.00702009251380389, 0.017924295869577386, 0.003324872633504537]","[0.060617697065413256, 0.09835679985609516, 0.04079276775204734]","[0.08378599234838656, 0.13388164874088376, 0.057661708555197505]","[1.208600714331028, 1.9588454462637843, 0.8187636724278179]","[array([0.00702009]), array([0.0179243]), array([0.00332487])]"
"[2, 3, 4, 5, 6, 7, 8, 9, 10, 11, 12, 13, 14, 15, 16, 17, 18, 19, 20, 21, 22, 23, 1]",[1],"[0.011591494949350504, 0.03336847778544857, 0.004814266645370915]","[0.07298115940597444, 0.13164325240810074, 0.049816477803500014]","[0.10766380519631703, 0.18267040752527094, 0.0693849165551917]","[1.4006526368038787, 2.5201818812275585, 0.962122384056454]","[array([0.01159149]), array([0.03336848]), array([0.00481427])]","[0.007036511782230786, 0.017794056355149336, 0.003307790412250629]","[0.06061589584421677, 0.09383065529194337, 0.040629606661373455]","[0.08388391849592379, 0.1333943640306791, 0.05751339332929878]","[1.2090159252445702, 1.8411122320672417, 0.8152619101813918]","[array([0.00703651]), array([0.01779406]), array([0.00330779])]"
"[2, 3, 4, 5, 6, 7, 8, 9, 10, 11, 12, 13, 14, 15, 16, 17, 18, 19, 20, 21, 22, 23, 1]",[1],"[0.011542001623862633, 0.028665803331161446, 0.004849882985984797]","[0.07299216392118056, 0.12301066389109079, 0.05016657423421862]","[0.1074337080429724, 0.1693097851016339, 0.0696411012691844]","[1.400043225222756, 2.369496222643391, 0.9688637290440313]","[array([0.011542]), array([0.0286658]), array([0.00484988])]","[0.006998258903341521, 0.01683419127339895, 0.0033123666910921893]","[0.06057208548115839, 0.09385178709231892, 0.040806415480505516]","[0.08365559696363131, 0.12974664262862046, 0.0575531640406693]","[1.2069338233981566, 1.8602996117793928, 0.8191673041920746]","[array([0.00699826]), array([0.01683419]), array([0.00331237])]"
"[2, 3, 4, 5, 6, 7, 8, 9, 10, 11, 12, 13, 14, 15, 16, 17, 18, 19, 20, 21, 22, 23, 1]",[1],"[0.011705388738171426, 0.031165364983851675, 0.00484360945494128]","[0.07390347712479407, 0.12847155163008897, 0.05036926450713597]","[0.10819144484741584, 0.17653714901926923, 0.06959604482254204]","[1.420266929483614, 2.471697758837043, 0.9770503703529632]","[array([0.01170539]), array([0.03116536]), array([0.00484361])]","[0.007212028459631665, 0.017984473090906672, 0.004042379737050259]","[0.06215945119671578, 0.09753552736995079, 0.043108022345371644]","[0.08492366254249557, 0.13410620079215826, 0.0635797116779422]","[1.2405507807214424, 1.9295235718163501, 0.8527474132267981]","[array([0.00721203]), array([0.01798447]), array([0.00404238])]"
"[2, 3, 4, 5, 6, 7, 8, 9, 10, 11, 12, 13, 14, 15, 16, 17, 18, 19, 20, 21, 22, 23, 1]",[1],"[0.011642239662721519, 0.011678514358208162, 0.00487735536017696]","[0.07360799328390616, 0.06849032513982209, 0.05048842381541151]","[0.10789921066774084, 0.10806717521156997, 0.06983806526656476]","[1.4133202628350823, 1.298041532096261, 0.9783818974764263]","[array([0.01164224]), array([0.01167851]), array([0.00487736])]","[0.007141304218507116, 0.009127532180037052, 0.004090936745358255]","[0.0616750866440332, 0.0640469508831372, 0.04333707397116867]","[0.08450623774909824, 0.0955381189894225, 0.06396043109109142]","[1.2298285659566142, 1.2628947665400116, 0.8556347962734665]","[array([0.0071413]), array([0.00912753]), array([0.00409094])]"
"[2, 3, 4, 5, 6, 7, 8, 9, 10, 11, 12, 13, 14, 15, 16, 17, 18, 19, 20, 21, 22, 23, 1]",[1],"[0.011479214954446032, 0.034619395527752415, 0.0053605667434984934]","[0.07289094473295467, 0.13433778678390093, 0.054940681852128435]","[0.10714109834440766, 0.18606288057469286, 0.07321589133172178]","[1.399955452668046, 2.586339206882261, 1.0673203328774206]","[array([0.01147921]), array([0.0346194]), array([0.00536057])]","[0.006998641590545542, 0.01898799428901729, 0.0034505547348277986]","[0.06090610297656, 0.10119097759645203, 0.04063092280948902]","[0.08365788421030944, 0.13779693134833335, 0.05874142264899446]","[1.2164526093915216, 2.008625941052291, 0.8191673503701652]","[array([0.00699864]), array([0.01898799]), array([0.00345055])]"
"[2, 3, 4, 5, 6, 7, 8, 9, 10, 11, 12, 13, 14, 15, 16, 17, 18, 19, 20, 21, 22, 23, 1]",[1],"[0.011471605001965828, 0.03464860906523959, 0.005367417690663503]","[0.0728608868806066, 0.13447457801165172, 0.05500847331696055]","[0.10710557876210663, 0.1861413684951295, 0.07326266232306537]","[1.3992158474801737, 2.589813091639729, 1.0682552192497594]","[array([0.01147161]), array([0.03464861]), array([0.00536742])]","[0.006990789694622278, 0.01907140179020156, 0.003446556575113308]","[0.0608513091192975, 0.1016536804717809, 0.040615988436450284]","[0.08361094243352528, 0.1380992461608736, 0.05870738092534284]","[1.2152137836241577, 2.0186241037065065, 0.8190205001230279]","[array([0.00699079]), array([0.0190714]), array([0.00344656])]"
"[2, 3, 4, 5, 6, 7, 8, 9, 10, 11, 12, 13, 14, 15, 16, 17, 18, 19, 20, 21, 22, 23, 1]",[1],"[0.011713251595062478, 0.03237834571342368, 0.00484988958842032]","[0.07394194436546986, 0.12922564569225703, 0.05048418310802858]","[0.10822777644885105, 0.1799398391502662, 0.06964114867246461]","[1.4211990893481756, 2.5017281661955484, 0.9796749653607175]","[array([0.01171325]), array([0.03237835]), array([0.00484989])]","[0.007221326179136487, 0.018595201038768033, 0.004054497202725249]","[0.06222442906852303, 0.10125480035931898, 0.04324309763283481]","[0.08497838654114637, 0.13636422198937678, 0.06367493386510306]","[1.2420204767883856, 2.0267058789966024, 0.8557731563876964]","[array([0.00722133]), array([0.0185952]), array([0.0040545])]"
"[2, 3, 4, 5, 6, 7, 8, 9, 10, 11, 12, 13, 14, 15, 16, 17, 18, 19, 20, 21, 22, 23, 1]",[1],"[0.011436521032762494, 0.03366372966740617, 0.00540106594435213]","[0.07268026316834784, 0.13269857966075937, 0.055237656042456534]","[0.10694167117060821, 0.18347678236606987, 0.07349194475826674]","[1.3949519708895166, 2.547858539482876, 1.073037285010604]","[array([0.01143652]), array([0.03366373]), array([0.00540107])]","[0.006953823405300849, 0.018346379906198362, 0.0034754443532999174]","[0.06054571128243226, 0.09820145140339216, 0.04086356823833675]","[0.08338958811087178, 0.13544880917231558, 0.058952899447778796]","[1.2085018454273027, 1.9390059769559123, 0.8238970019836452]","[array([0.00695382]), array([0.01834638]), array([0.00347544])]"
"[2, 3, 4, 5, 6, 7, 8, 9, 10, 11, 12, 13, 14, 15, 16, 17, 18, 19, 1]",[1],"[4488.831775560365, 9117.152887031458, 6128.678661263753]","[43.34417033921283, 61.11142724254317, 57.451114346263964]","[66.99874458197232, 95.48378337200228, 78.28587778944394]","[1.3222819459360353, 1.8366319136094822, 1.8309963646422975]","[array([4488.83177556]), array([9117.15288703]), array([6128.67866126])]","[2531.818807316788, 4140.418797619556, 2421.32876395841]","[38.72609189412539, 48.8506512139394, 38.12396117173722]","[50.317182028774106, 64.34608610956502, 49.20699913587914]","[0.7802839272975276, 0.9833351075347475, 0.762801559486366]","[array([2531.81880732]), array([4140.41879762]), array([2421.32876396])]"
"[2, 3, 4, 5, 6, 7, 8, 9, 10, 11, 12, 13, 14, 15, 16, 17, 18, 19, 1]",[1],"[4303.76844758594, 7988.500791379019, 4375.194437331903]","[43.79124665857788, 56.28501684225044, 49.005453103301676]","[65.60311309370874, 89.37841345302019, 66.14525256835825]","[1.343131131002611, 1.6692680219201266, 1.526471303220752]","[array([4303.76844759]), array([7988.50079138]), array([4375.19443733])]","[3122.4589452119735, 5513.372137645248, 3888.9418004007334]","[35.10759936684902, 46.97794130223437, 40.25011006425606]","[55.87896693042896, 74.25208507271192, 62.361380680680355]","[0.8549809664162626, 1.150830299923805, 0.9790406807610869]","[array([3122.45894521]), array([5513.37213765]), array([3888.9418004])]"
"[2, 3, 4, 5, 6, 7, 8, 9, 10, 11, 12, 13, 14, 15, 16, 17, 18, 19, 1]",[1],"[2855.8446111137787, 10028.750243046441, 2506.795295306108]","[35.84127245211438, 66.34634192436855, 36.542071960978724]","[53.44010302304608, 100.14364804143317, 50.06790683967234]","[1.1264765622514117, 1.992712776814888, 1.1170300544372733]","[array([2855.84461111]), array([10028.75024305]), array([2506.79529531])]","[2094.257836455254, 7980.136064773967, 3540.719833055611]","[27.5672971472823, 60.16753720805336, 41.72460414292745]","[45.763061921764525, 89.33160731104063, 59.503948045954154]","[0.6862407672565297, 1.4802113878163314, 1.0017966000286986]","[array([2094.25783646]), array([7980.13606477]), array([3540.71983306])]"
"[2, 3, 4, 5, 6, 7, 8, 9, 10, 11, 12, 13, 14, 15, 16, 17, 18, 19, 20, 21, 22, 23, 1]",[1],"[0.011830900713347591, 0.01615756418043858, 0.0104969998286039]","[0.07944774323354721, 0.09227075033787739, 0.07890730526463154]","[0.10876994397970237, 0.12711240765731163, 0.10245486727629831]","[1.5100873264003893, 1.7527841913855806, 1.5335841243578012]","[array([0.0118309]), array([0.01615756]), array([0.010497])]","[0.007122436521204344, 0.013156656988157968, 0.007286087361910526]","[0.06479363210044979, 0.07742367131387012, 0.06535361530571919]","[0.08439452897673133, 0.11470247158696262, 0.08535858106781372]","[1.2895233740454013, 1.5248423613089317, 1.3219905592892456]","[array([0.00712244]), array([0.01315666]), array([0.00728609])]"
"[2, 3, 4, 5, 6, 7, 8, 9, 10, 11, 12, 13, 14, 15, 16, 17, 18, 19, 20, 21, 22, 23, 1]",[1],"[0.00868407881454031, 0.011178681529173673, 0.005317641713594813]","[0.06232679186007851, 0.07694038496889688, 0.05148802553094103]","[0.09318840493613093, 0.1057292841608874, 0.07292216201947672]","[1.190419311433447, 1.492803560489294, 0.9891875034278862]","[array([0.00868408]), array([0.01117868]), array([0.00531764])]","[0.004631350850487029, 0.006006860740577846, 0.004098575807326539]","[0.0501503447855327, 0.058718362954342296, 0.04813753562756256]","[0.0680540289070899, 0.07750394016163208, 0.0640201203320217]","[1.013073928106957, 1.1920229068429857, 0.9719839187164083]","[array([0.00463135]), array([0.00600686]), array([0.00409858])]"
"[2, 3, 4, 5, 6, 7, 8, 9, 10, 11, 12, 13, 14, 15, 16, 17, 18, 19, 20, 21, 22, 23, 1]",[1],"[0.008684009664266076, 0.01118250656762308, 0.005320265958449374]","[0.06231461811046509, 0.07695875705685463, 0.051346363080264426]","[0.09318803391136694, 0.10574737144545523, 0.07294015326587526]","[1.1901739897154664, 1.4931435751771513, 0.9859296779112032]","[array([0.00868401]), array([0.01118251]), array([0.00532027])]","[0.004630437665588447, 0.006008028347232897, 0.004075236729862212]","[0.05014142444162192, 0.05872882942734566, 0.0478558000595639]","[0.06804731931228773, 0.07751147235882504, 0.06383758085847405]","[1.012877985815069, 1.19224335487871, 0.9652124784594182]","[array([0.00463044]), array([0.00600803]), array([0.00407524])]"
"[2, 3, 4, 5, 6, 7, 8, 9, 10, 11, 12, 13, 14, 15, 16, 17, 18, 19, 20, 21, 22, 23, 1]",[1],"[0.007578738796421845, 0.01056645729630049]","[0.05469911068449097, 0.07409671496537712]","[0.08705595210220748, 0.10279327456745646]","[1.0507753731207463, 1.4359539832802515]","[array([0.00757874]), array([0.01056646])]","[0.004215293175383266, 0.0060011869456531065]","[0.04496299027404258, 0.0584653158927936]","[0.06492528918213046, 0.07746732824651374]","[0.910947771215058, 1.1879832667123722]","[array([0.00421529]), array([0.00600119])]"
"[2, 3, 4, 5, 6, 7, 8, 9, 10, 11, 12, 13, 14, 15, 16, 17, 18, 19, 20, 21, 22, 23, 1]",[1],"[0.008216409950833685, 0.010205697016662983, 0.004800110514111896]","[0.05887588121411118, 0.07035218554501904, 0.048299642402875737]","[0.09064441489045912, 0.1010232498817128, 0.06928282986506755]","[1.1198031282800576, 1.3626915554560657, 0.9243067382597426]","[array([0.00821641]), array([0.0102057]), array([0.00480011])]","[0.004265555720600946, 0.005733799806496058, 0.0037392930879927544]","[0.04586512820924637, 0.0550606850474967, 0.044833010738464546]","[0.0653112220112359, 0.07572185818174339, 0.06114975950887096]","[0.9215044837903144, 1.1111865645643957, 0.9048061189360657]","[array([0.00426556]), array([0.0057338]), array([0.00373929])]"
